Feature Category,Feature,Teladoc,Oscar Health,K Health,Epic MyChart,Cerner HealtheLife,MediConnect 360,Priority,Implementation Status
Authentication,Email/Password Login,Yes,Yes,Yes,Yes,Yes,Yes,High,✅ Complete
Authentication,OAuth (Google),Yes,Yes,No,No,No,Yes,High,✅ Complete
Authentication,OAuth (GitHub),No,No,No,No,No,Yes,Medium,✅ Complete
Authentication,Two-Factor Authentication,Yes,Yes,No,Yes,Yes,No,High,❌ Missing
Authentication,Biometric Login,Yes,No,No,No,No,No,Medium,❌ Missing
Core Features,AI Symptom Checker,Basic,Basic,Yes,No,No,Yes,High,✅ Complete
Core Features,Virtual Consultations,Yes,Yes,Yes,Limited,Limited,Yes,High,✅ Complete
Core Features,EHR Integration,Yes,Yes,No,Yes,Yes,Yes,High,✅ Complete
Core Features,Prescription Management,Yes,Yes,No,Yes,Yes,Yes,High,✅ Complete
Core Features,Lab Results,Yes,Yes,No,Yes,Yes,Yes,High,✅ Complete
Core Features,Appointment Scheduling,Yes,Yes,Yes,Yes,Yes,Yes,High,✅ Complete
Core Features,Provider Directory,Yes,Yes,Yes,Yes,Yes,Yes,High,✅ Complete
Core Features,Insurance Integration,Yes,Yes,No,Yes,Yes,Yes,High,✅ Complete
Core Features,Pharmacy Integration,Basic,Basic,No,Yes,Yes,Yes,High,✅ Complete
Advanced Features,Family Account Management,Yes,Yes,No,Yes,Yes,Yes,High,✅ Complete
Advanced Features,Emergency Features,Yes,Yes,No,Yes,Yes,Yes,High,✅ Complete
Advanced Features,Health Tracking,Limited,Limited,No,Limited,Limited,Yes,High,✅ Complete
Advanced Features,Wearable Integration,Limited,Limited,No,Limited,Limited,Yes,Medium,✅ Complete
Advanced Features,Care Coordination,Yes,Yes,No,Yes,Yes,Yes,High,✅ Complete
Advanced Features,Document Management,Basic,Yes,No,Yes,Yes,Yes,High,✅ Complete
Advanced Features,Secure Messaging,Yes,Yes,Yes,Yes,Yes,Yes,High,✅ Complete
Advanced Features,Smart Reminders,Basic,Basic,No,Basic,Basic,Yes,High,✅ Complete
Mobile Features,Mobile App,Yes,Yes,Yes,Yes,Yes,No,High,❌ Missing
Mobile Features,Push Notifications,Yes,Yes,Yes,Yes,Yes,Partial,High,⚠️ Partial
Mobile Features,Offline Support,Limited,Limited,No,Limited,Limited,No,Medium,❌ Missing
Mobile Features,Mobile Payments,Yes,Yes,No,No,No,Yes,Medium,✅ Complete
Technical Features,Real-time Updates,Yes,Yes,Limited,Yes,Yes,Yes,High,✅ Complete
Technical Features,Multi-language Support,Limited,Limited,No,Limited,Limited,Yes,Medium,✅ Complete
Technical Features,Dark Mode,No,No,No,No,No,Yes,Low,✅ Complete
Technical Features,PWA Support,No,No,No,No,No,Yes,Medium,✅ Complete
Technical Features,API Access,Limited,No,No,Limited,Limited,Yes,Medium,✅ Complete
Security Features,HIPAA Compliance,Yes,Yes,Yes,Yes,Yes,Yes,Critical,✅ Complete
Security Features,End-to-End Encryption,Yes,Yes,Limited,Yes,Yes,Yes,Critical,✅ Complete
Security Features,Audit Logging,Yes,Yes,Limited,Yes,Yes,Partial,Critical,⚠️ Partial
Security Features,Data Export,Yes,Yes,No,Yes,Yes,No,High,❌ Missing
Security Features,Data Deletion,Yes,Yes,Limited,Yes,Yes,No,High,❌ Missing
Analytics Features,Health Analytics,Yes,Yes,Limited,Yes,Yes,Yes,High,✅ Complete
Analytics Features,Usage Analytics,Yes,Yes,Yes,Yes,Yes,No,Medium,❌ Missing
Analytics Features,Performance Monitoring,Internal,Internal,Internal,Internal,Internal,No,High,❌ Missing
Analytics Features,Error Tracking,Internal,Internal,Internal,Internal,Internal,No,High,❌ Missing
Compliance Features,GDPR Compliance,Yes,Yes,Limited,Yes,Yes,Partial,Critical,⚠️ Partial
Compliance Features,SOC 2 Compliance,Yes,Yes,No,Yes,Yes,No,High,❌ Missing
Compliance Features,Privacy Policy,Yes,Yes,Yes,Yes,Yes,No,Critical,❌ Missing
Compliance Features,Terms of Service,Yes,Yes,Yes,Yes,Yes,No,Critical,❌ Missing
Developer Features,CI/CD Pipeline,Internal,Internal,Internal,Internal,Internal,No,High,❌ Missing
Developer Features,Automated Testing,Internal,Internal,Internal,Internal,Internal,Partial,High,⚠️ Partial
Developer Features,Code Quality Tools,Internal,Internal,Internal,Internal,Internal,Yes,Medium,✅ Complete
Developer Features,Documentation,Internal,Internal,Internal,Internal,Internal,Yes,High,✅ Complete
Infrastructure,Load Balancing,Yes,Yes,Yes,Yes,Yes,No,High,❌ Missing
Infrastructure,Auto Scaling,Yes,Yes,Yes,Yes,Yes,No,High,❌ Missing
Infrastructure,Backup Strategy,Yes,Yes,Yes,Yes,Yes,No,Critical,❌ Missing
Infrastructure,Disaster Recovery,Yes,Yes,Yes,Yes,Yes,No,Critical,❌ Missing
Infrastructure,CDN,Yes,Yes,Yes,Yes,Yes,No,High,❌ Missing
User Experience,Onboarding Flow,Yes,Yes,Yes,Yes,Yes,Basic,High,⚠️ Basic
User Experience,Help System,Yes,Yes,Yes,Yes,Yes,No,High,❌ Missing
User Experience,Search Functionality,Yes,Yes,Limited,Yes,Yes,Limited,High,⚠️ Limited
User Experience,Accessibility (WCAG),Partial,Partial,Limited,Yes,Yes,No,Critical,❌ Missing
User Experience,Responsive Design,Yes,Yes,Yes,Yes,Yes,Yes,High,✅ Complete